kommun_kod,kommun_namn,n_sections,road_km,vkm_per_day,vkm_heavy_per_day,max_adt,vkm_share_measured,vkm_weighted_year,n_sections_no_adt,betraktelsedatum
0114,Upplands Väsby,94,60.562,758260.1,50577.6,44189,0.6201,2022.7,0,2026-09-27
0115,Vallentuna,151,199.325,664528.3,47556.9,15093,0.9579,2022.3,0,2026-09-27
0117,Österåker,135,132.413,690186.3,28847.2,24930,0.9472,2023.7,0,2026-09-27
0120,Värmdö,181,180.22,658415.5,33511.6,28047,0.9407,2023.0,0,2026-09-27
0123,Järfälla,100,30.474,585869.9,44209.0,40040,0.6899,2024.8,0,2026-09-27
0125,Ekerö,95,121.068,396114.0,29046.8,20640,0.9848,2020.5,0,2026-09-27
0126,Huddinge,348,88.764,1446568.9,129582.1,60090,0.3908,2024.0,2,2026-09-27
0127,Botkyrka,217,111.481,1139278.0,102705.7,48799,0.3694,2023.1,0,2026-09-27
0128,Salem,26,32.32,440668.2,48814.8,36290,0.0731,2021.7,0,2026-09-27
0136,Haninge,302,184.967,961147.2,64724.7,32000,0.7958,2023.3,0,2026-09-27
0138,Tyresö,28,6.734,61477.2,3129.2,12517,0.8773,2024.7,0,2026-09-27
0139,Upplands-Bro,95,80.161,853625.3,56749.5,29479,0.9033,2022.9,0,2026-09-27
0140,Nykvarn,80,81.02,474587.8,40699.5,16064,0.8743,2021.8,0,2026-09-27
0160,Täby,199,54.515,687153.7,39301.0,32970,0.7145,2023.6,0,2026-09-27
0162,Danderyd,80,19.291,418988.6,17169.4,41067,0.4452,2022.2,0,2026-09-27
0163,Sollentuna,150,67.956,1621069.0,98698.4,55319,0.2084,2023.2,0,2026-09-27
0180,Stockholm,524,165.583,3554281.2,291275.1,72240,0.1524,2022.6,0,2026-09-27
0181,Södertälje,306,281.56,1594255.6,141852.8,30670,0.758,2022.0,0,2026-09-27
0182,Nacka,195,60.67,828661.9,49773.5,37828,0.6619,2024.1,0,2026-09-27
0183,Sundbyberg,0,0.0,0.0,0.0,0,0,0,0,2026-09-27
0184,Solna,195,39.958,1097467.7,86024.6,67740,0.0552,2022.3,0,2026-09-27
0186,Lidingö,12,4.256,37713.0,2139.2,15800,0.4854,2025.5,0,2026-09-27
0187,Vaxholm,45,36.913,119501.0,5247.2,10365,0.9473,2023.8,0,2026-09-27
0188,Norrtälje,488,932.294,1543764.3,106444.5,14084,0.9556,2023.3,0,2026-09-27
0191,Sigtuna,316,240.501,1460715.6,95623.9,38720,0.8328,2023.4,0,2026-09-27
0192,Nynäshamn,151,212.048,427956.1,35413.8,11638,0.8153,2021.8,0,2026-09-27
0305,Håbo,89,78.509,505456.9,35006.3,18532,0.9143,2022.8,0,2026-09-27
0319,Älvkarleby,96,93.87,239843.8,14575.3,9157,0.5368,2022.6,0,2026-09-27
0330,Knivsta,110,184.98,845324.3,45396.9,18876,0.9663,2023.0,0,2026-09-27
0331,Heby,222,456.345,389753.3,57482.4,7231,0.9978,2021.7,0,2026-09-27
0360,Tierp,317,679.896,1155364.0,69834.8,8040,0.9503,2022.8,0,2026-09-27
0380,Uppsala,629,1002.58,2191853.8,128322.9,18876,0.927,2023.0,0,2026-09-27
0381,Enköping,522,724.201,1642759.1,126182.6,17138,0.7304,2022.3,0,2026-09-27
0382,Östhammar,270,523.212,479219.0,32721.1,6542,0.997,2023.4,0,2026-09-27
0428,Vingåker,82,206.074,203244.2,17171.5,5604,0.998,2020.9,0,2026-09-27
0461,Gnesta,94,198.48,131591.1,5560.5,6292,0.9965,2023.1,0,2026-09-27
0480,Nyköping,510,747.057,2171092.6,226433.5,16014,0.9303,2022.2,0,2026-09-27
0481,Oxelösund,50,20.298,65089.5,3012.7,5704,0.8084,2022.9,0,2026-09-27
0482,Flen,198,360.243,362974.0,31233.7,7401,0.9955,2021.8,0,2026-09-27
0483,Katrineholm,335,521.541,657083.9,69600.9,10286,0.9895,2022.2,1,2026-09-27
0484,Eskilstuna,401,522.702,1318514.0,106688.8,17489,0.9123,2022.2,0,2026-09-27
0486,Strängnäs,263,329.992,937152.7,81005.0,9523,0.901,2021.7,0,2026-09-27
0488,Trosa,80,111.016,517442.7,51977.4,14153,0.9654,2022.2,3,2026-09-27
0509,Ödeshög,119,256.952,686967.7,129447.2,9118,0.9487,2021.7,0,2026-09-27
0512,Ydre,79,260.645,96496.6,6698.5,2324,1.0,2023.0,0,2026-09-27
0513,Kinda,207,467.357,273587.3,25448.4,6195,0.975,2021.9,0,2026-09-27
0560,Boxholm,72,166.755,148421.1,13587.4,6706,0.9962,2020.9,0,2026-09-27
0561,Åtvidaberg,124,327.906,198235.1,11082.3,6349,0.9956,2021.3,0,2026-09-27
0562,Finspång,158,281.914,331134.4,26850.2,11700,0.9919,2020.7,0,2026-09-27
0563,Valdemarsvik,180,283.52,239991.3,16855.2,6172,0.9812,2021.9,0,2026-09-27
0580,Linköping,752,899.114,2228300.6,212176.6,15427,0.6876,2021.5,0,2026-09-27
0581,Norrköping,708,753.139,2415260.6,240260.2,21181,0.5935,2022.2,0,2026-09-27
0582,Söderköping,165,295.158,391069.8,18676.7,16857,0.9949,2022.2,0,2026-09-27
0583,Motala,409,526.114,686194.8,72618.9,10523,0.9134,2021.7,0,2026-09-27
0584,Vadstena,71,111.978,83276.6,6881.4,4072,0.9935,2016.5,0,2026-09-27
0586,Mjölby,330,417.248,913319.4,122910.3,12950,0.8962,2021.9,0,2026-09-27
0604,Aneby,105,218.17,152889.8,16197.7,3936,0.9904,2020.2,0,2026-09-27
0617,Gnosjö,80,190.258,241868.1,21050.7,4485,0.9975,2023.7,0,2026-09-27
0642,Mullsjö,90,118.4,195554.8,28152.3,7983,0.9867,2022.5,0,2026-09-27
0643,Habo,96,161.57,289732.7,31726.9,8644,0.9901,2023.9,0,2026-09-27
0662,Gislaved,334,557.868,635801.6,73340.7,7695,0.9685,2021.8,0,2026-09-27
0665,Vaggeryd,242,378.375,727228.2,132882.5,9616,0.8632,2023.2,0,2026-09-27
0680,Jönköping,766,815.573,3086456.2,384525.9,29253,0.8646,2023.1,0,2026-09-27
0682,Nässjö,245,450.431,519152.0,49172.2,8510,0.9878,2021.4,0,2026-09-27
0683,Värnamo,433,677.07,1214612.9,187287.7,14012,0.9484,2022.7,0,2026-09-27
0684,Sävsjö,118,280.594,293786.0,39283.1,6344,0.9987,2022.4,0,2026-09-27
0685,Vetlanda,292,639.734,569944.6,57364.8,8894,0.9896,2022.2,0,2026-09-27
0686,Eksjö,237,377.306,409968.2,46053.1,10299,0.9712,2022.6,0,2026-09-27
0687,Tranås,207,188.349,240465.5,23426.5,8379,0.9493,2023.3,0,2026-09-27
0760,Uppvidinge,135,360.759,307689.1,40377.5,4302,0.9925,2021.3,0,2026-09-27
0761,Lessebo,55,126.821,159840.9,15043.1,5807,0.9978,2021.5,0,2026-09-27
0763,Tingsryd,217,517.144,412336.5,46645.6,8371,0.9994,2022.8,0,2026-09-27
0764,Alvesta,348,517.946,477846.3,49399.4,8302,0.946,2023.1,0,2026-09-27
0765,Älmhult,203,379.399,335487.6,33423.3,7095,0.9805,2022.1,0,2026-09-27
0767,Markaryd,210,270.677,536348.6,111204.6,7444,0.9352,2023.4,0,2026-09-27
0780,Växjö,587,848.254,1405197.0,124065.5,20770,0.9385,2021.9,0,2026-09-27
0781,Ljungby,503,890.799,1189491.7,221387.1,7774,0.9438,2022.7,0,2026-09-27
0821,Högsby,86,236.719,144397.5,16880.0,4214,0.9954,2022.3,0,2026-09-27
0834,Torsås,128,201.129,181442.9,15071.2,4511,0.976,2020.1,0,2026-09-27
0840,Mörbylånga,132,263.879,499760.2,18583.7,19074,0.9622,2024.6,0,2026-09-27
0860,Hultsfred,235,388.32,325337.9,45842.2,5136,0.991,2022.6,0,2026-09-27
0861,Mönsterås,172,227.896,393379.1,30988.7,9293,0.9986,2022.2,0,2026-09-27
0862,Emmaboda,143,245.381,227146.2,20134.8,5115,0.991,2023.5,0,2026-09-27
0880,Kalmar,526,493.362,1016934.6,64484.9,19074,0.8081,2022.2,0,2026-09-27
0881,Nybro,231,387.559,422730.6,31780.5,7600,0.9809,2022.1,0,2026-09-27
0882,Oskarshamn,263,382.324,501658.7,49994.7,8816,0.9244,2022.8,0,2026-09-27
0883,Västervik,450,826.445,655387.7,52810.9,8208,0.967,2022.7,0,2026-09-27
0884,Vimmerby,239,446.981,374915.6,35675.3,5895,0.93,2022.4,0,2026-09-27
0885,Borgholm,133,268.278,327559.4,12266.2,7525,0.9972,2024.4,0,2026-09-27
0980,Gotland,746,1485.376,1228645.7,68168.7,13874,0.9781,2020.6,0,2026-09-27
1060,Olofström,195,254.417,215218.3,16896.0,7513,0.9916,2022.3,0,2026-09-27
1080,Karlskrona,445,542.001,793016.3,45680.6,11152,0.7756,2022.3,0,2026-09-27
1081,Ronneby,352,425.65,542462.5,36571.7,7800,0.9158,2021.7,0,2026-09-27
1082,Karlshamn,308,346.729,572029.0,48864.3,8000,0.9119,2021.5,0,2026-09-27
1083,Sölvesborg,228,177.081,374544.6,29980.9,9744,0.9007,2021.9,0,2026-09-27
1214,Svalöv,152,261.292,286102.0,19086.1,7242,0.9987,2021.6,0,2026-09-27
1230,Staffanstorp,199,156.442,759706.8,43608.3,25317,0.5876,2021.8,0,2026-09-27
1231,Burlöv,130,55.903,497918.2,40161.7,27367,0.419,2022.5,0,2026-09-27
1233,Vellinge,167,163.815,668771.7,47605.2,18402,0.931,2022.8,0,2026-09-27
1256,Östra Göinge,175,279.455,310238.4,23989.6,7258,0.9796,2021.7,0,2026-09-27
1257,Örkelljunga,169,216.906,578988.6,112354.5,7276,0.8889,2023.1,0,2026-09-27
1260,Bjuv,103,72.11,165365.9,9782.3,7384,0.9865,2023.4,0,2026-09-27
1261,Kävlinge,193,147.667,812225.2,76784.0,24866,0.3891,2021.9,0,2026-09-27
1262,Lomma,169,89.828,807348.4,84578.1,25893,0.2116,2021.9,0,2026-09-27
1263,Svedala,255,240.24,723735.2,43044.9,13128,0.9541,2021.0,0,2026-09-27
1264,Skurup,186,223.767,285360.3,17558.7,7237,0.9527,2021.7,0,2026-09-27
1265,Sjöbo,224,361.715,423216.7,30182.3,8391,0.9932,2020.6,0,2026-09-27
1266,Hörby,290,350.383,478746.9,34905.8,7665,0.8929,2022.1,0,2026-09-27
1267,Höör,202,220.919,422967.3,31786.2,11096,0.9361,2022.0,0,2026-09-27
1270,Tomelilla,172,256.655,359452.4,32704.9,7833,0.9986,2020.1,0,2026-09-27
1272,Bromölla,135,104.415,309567.8,26066.3,8575,0.9331,2021.4,0,2026-09-27
1273,Osby,172,288.684,271566.1,30701.4,5478,0.9963,2022.4,0,2026-09-27
1275,Perstorp,72,60.928,95754.2,9460.8,6688,0.9971,2022.9,0,2026-09-27
1276,Klippan,161,211.079,386688.6,47859.6,8500,0.9094,2021.8,0,2026-09-27
1277,Åstorp,130,104.874,519519.3,70613.7,14006,0.8998,2022.8,0,2026-09-27
1278,Båstad,252,202.026,425710.3,34116.7,12550,0.6346,2022.9,0,2026-09-27
1280,Malmö,144,78.579,744259.5,70239.6,23735,0.1567,2022.5,0,2026-09-27
1281,Lund,395,350.404,1187665.7,62663.2,26531,0.7996,2022.0,0,2026-09-27
1282,Landskrona,206,148.316,1007771.4,118340.0,24311,0.6782,2022.1,0,2026-09-27
1283,Helsingborg,439,325.407,1659551.3,163636.7,25059,0.4948,2022.5,0,2026-09-27
1284,Höganäs,199,140.671,305853.4,14165.3,11024,0.9705,2022.3,2,2026-09-27
1285,Eslöv,354,358.338,751596.9,49678.2,11243,0.9272,2022.6,0,2026-09-27
1286,Ystad,330,354.96,577972.1,32796.5,11878,0.9831,2021.5,0,2026-09-27
1287,Trelleborg,376,386.3,563073.0,39811.0,16280,0.9661,2022.2,0,2026-09-27
1290,Kristianstad,767,892.43,1845944.8,147365.3,15650,0.8886,2021.8,0,2026-09-27
1291,Simrishamn,251,301.189,370086.0,22596.0,6679,0.998,2020.5,0,2026-09-27
1292,Ängelholm,384,371.829,1640093.4,164274.5,18769,0.3574,2022.3,0,2026-09-27
1293,Hässleholm,666,803.218,1043234.8,106761.6,12683,0.9467,2022.2,0,2026-09-27
1315,Hylte,252,470.184,343498.2,42219.3,5070,0.9979,2021.6,0,2026-09-27
1380,Halmstad,514,581.09,1810222.7,210991.3,16742,0.6031,2021.3,0,2026-09-27
1381,Laholm,366,460.099,806926.1,84592.4,14681,0.711,2021.6,0,2026-09-27
1382,Falkenberg,531,696.321,1364806.0,141694.4,12630,0.5587,2022.0,0,2026-09-27
1383,Varberg,417,545.062,1786917.1,201361.3,14112,0.4977,2022.1,0,2026-09-27
1384,Kungsbacka,522,425.086,1909264.4,154835.8,24611,0.5909,2020.6,0,2026-09-27
1401,Härryda,206,171.028,1154151.3,98117.3,22500,0.7924,2022.2,0,2026-09-27
1402,Partille,89,27.465,406829.5,25156.3,25156,0.7754,2021.9,0,2026-09-27
1407,Öckerö,8,15.5,31983.0,928.9,8787,0.9693,2024.8,0,2026-09-27
1415,Stenungsund,214,206.069,1051345.2,107846.4,19975,0.9319,2022.5,0,2026-09-27
1419,Tjörn,162,126.285,352654.5,11938.9,19975,0.9924,2024.2,0,2026-09-27
1421,Orust,137,243.813,368911.8,21479.9,7503,0.9984,2022.3,0,2026-09-27
1427,Sotenäs,90,106.444,184211.9,8371.5,5800,0.9912,2023.2,0,2026-09-27
1430,Munkedal,301,314.649,586303.0,69080.9,11557,0.939,2022.6,0,2026-09-27
1435,Tanum,400,535.065,688233.0,91775.6,5828,0.951,2022.7,0,2026-09-27
1438,Dals-Ed,93,257.28,136091.0,9844.3,5065,0.9999,2023.5,0,2026-09-27
1439,Färgelanda,128,276.528,185146.8,14643.9,4248,0.9995,2024.2,0,2026-09-27
1440,Ale,302,186.801,765387.6,42801.5,15840,0.794,2023.5,0,2026-09-27
1441,Lerum,106,84.816,657450.4,42925.7,17397,0.8821,2021.8,0,2026-09-27
1442,Vårgårda,182,274.462,495991.2,55809.8,6294,0.9582,2023.2,0,2026-09-27
1443,Bollebygd,84,143.27,582461.4,54128.1,11982,0.9415,2022.2,0,2026-09-27
1444,Grästorp,86,141.543,267874.8,29374.4,9042,0.9762,2022.5,0,2026-09-27
1445,Essunga,89,134.149,130288.5,11915.2,4807,0.9932,2022.2,0,2026-09-27
1446,Karlsborg,80,176.303,186042.1,20818.5,7592,0.9935,2022.6,0,2026-09-27
1447,Gullspång,97,129.512,214118.6,35530.9,6896,0.9867,2022.4,0,2026-09-27
1452,Tranemo,154,313.36,331895.8,32285.6,6871,0.9926,2023.0,0,2026-09-27
1460,Bengtsfors,127,344.678,227380.5,17556.2,4872,0.9974,2024.1,0,2026-09-27
1461,Mellerud,165,262.111,253928.2,22863.7,9262,0.9961,2023.7,0,2026-09-27
1462,Lilla Edet,147,170.833,420706.2,30128.4,14516,0.932,2023.1,0,2026-09-27
1463,Mark,285,455.726,655536.2,43623.9,11110,0.9652,2021.9,7,2026-09-27
1465,Svenljunga,189,443.804,282457.0,18246.7,5966,0.9971,2023.9,0,2026-09-27
1466,Herrljunga,155,296.091,198741.6,16729.8,5063,1.0,2022.9,0,2026-09-27
1470,Vara,385,453.156,598501.6,76377.0,8445,0.9804,2021.5,0,2026-09-27
1471,Götene,212,270.51,367838.1,46853.9,9760,0.9652,2022.0,0,2026-09-27
1472,Tibro,56,84.295,162266.7,9618.0,8290,0.9894,2022.5,0,2026-09-27
1473,Töreboda,125,245.698,175663.7,10707.2,5304,0.9981,2024.3,0,2026-09-27
1480,Göteborg,1314,391.816,4873594.0,334638.9,59650,0.3939,2023.5,1,2026-09-27
1481,Mölndal,143,87.545,1454061.4,103678.3,42447,0.2502,2022.8,0,2026-09-27
1482,Kungälv,224,233.001,903789.0,61636.3,30933,0.7782,2022.0,0,2026-09-27
1484,Lysekil,129,153.51,252760.5,12257.6,8430,0.9938,2023.5,0,2026-09-27
1485,Uddevalla,480,397.433,1531521.5,136944.7,30389,0.8497,2022.6,0,2026-09-27
1486,Strömstad,345,331.981,634812.8,78734.7,9782,0.7627,2022.2,0,2026-09-27
1487,Vänersborg,289,357.683,769288.1,65955.2,12269,0.8873,2021.2,0,2026-09-27
1488,Trollhättan,261,243.779,703663.5,47854.8,31796,0.883,2022.5,0,2026-09-27
1489,Alingsås,234,255.284,691585.7,44436.0,16571,0.8935,2023.8,0,2026-09-27
1490,Borås,628,544.124,1604453.3,112168.9,18667,0.8328,2022.3,0,2026-09-27
1491,Ulricehamn,377,587.974,778829.7,79844.0,12283,0.9548,2022.5,0,2026-09-27
1492,Åmål,133,216.937,246667.7,24948.0,9459,0.997,2022.7,0,2026-09-27
1493,Mariestad,275,339.943,739167.4,101706.5,13624,0.9583,2022.3,4,2026-09-27
1494,Lidköping,258,368.236,656537.2,48288.2,15211,0.9844,2021.4,0,2026-09-27
1495,Skara,310,294.383,552171.6,56986.9,9290,0.9362,2022.6,0,2026-09-27
1496,Skövde,333,382.587,797213.8,52266.2,19070,0.9459,2022.6,0,2026-09-27
1497,Hjo,104,142.982,169314.5,15120.1,5203,0.9908,2024.7,0,2026-09-27
1498,Tidaholm,171,292.739,251060.7,26536.9,5381,0.9975,2022.0,0,2026-09-27
1499,Falköping,340,584.503,698387.4,71101.4,9553,0.9839,2021.8,0,2026-09-27
1715,Kil,145,179.076,260283.1,26567.1,4965,0.972,2021.9,0,2026-09-27
1730,Eda,139,284.443,233934.4,20512.3,7147,0.9967,2021.3,0,2026-09-27
1737,Torsby,149,675.305,378026.9,33094.5,5699,0.9982,2021.2,0,2026-09-27
1760,Storfors,39,115.881,107009.6,8027.8,4223,0.9945,2022.6,0,2026-09-27
1761,Hammarö,32,18.267,81700.6,3055.5,13590,0.9505,2023.2,0,2026-09-27
1762,Munkfors,45,50.932,44778.0,3078.2,3530,0.9927,2021.8,0,2026-09-27
1763,Forshaga,75,138.675,154715.7,10300.0,6464,0.6796,2022.2,0,2026-09-27
1764,Grums,159,179.247,271635.2,26138.2,11936,0.9087,2022.8,0,2026-09-27
1765,Årjäng,210,430.782,339338.7,44865.4,8117,0.9651,2022.6,0,2026-09-27
1766,Sunne,123,391.215,391048.4,29658.2,8301,0.9793,2022.6,0,2026-09-27
1780,Karlstad,609,612.142,1684548.9,130080.5,20790,0.7888,2023.5,0,2026-09-27
1781,Kristinehamn,188,272.122,608218.7,73567.6,14344,0.9526,2022.7,0,2026-09-27
1782,Filipstad,106,328.907,265436.5,23635.0,7257,0.9961,2022.4,0,2026-09-27
1783,Hagfors,128,439.216,291232.7,21860.8,5297,0.9981,2022.8,0,2026-09-27
1784,Arvika,256,521.981,549059.9,50058.2,11006,0.9936,2022.4,0,2026-09-27
1785,Säffle,166,401.666,470552.2,51596.3,9115,0.9912,2023.4,0,2026-09-27
1814,Lekeberg,140,190.29,233546.5,19503.8,6930,0.9637,2023.6,0,2026-09-27
1860,Laxå,94,193.138,329124.2,53969.6,5400,0.9978,2022.4,0,2026-09-27
1861,Hallsberg,202,289.201,420372.8,57012.5,6121,0.9649,2022.7,0,2026-09-27
1862,Degerfors,62,108.26,164350.4,10507.3,8043,0.9949,2024.2,0,2026-09-27
1863,Hällefors,61,252.017,124680.4,10682.6,3507,0.9997,2023.7,0,2026-09-27
1864,Ljusnarsberg,54,151.313,116482.3,17186.4,4221,0.997,2022.6,0,2026-09-27
1880,Örebro,713,780.721,2440453.6,247828.8,29253,0.7972,2022.7,0,2026-09-27
1881,Kumla,204,171.737,554282.9,67505.4,14771,0.903,2022.9,0,2026-09-27
1882,Askersund,221,326.911,505589.5,78913.8,9397,0.9878,2023.1,0,2026-09-27
1883,Karlskoga,248,186.373,582089.7,55189.1,12567,0.9265,2023.4,0,2026-09-27
1884,Nora,96,164.073,195092.4,14323.5,6531,0.9445,2023.5,0,2026-09-27
1885,Lindesberg,177,445.219,450032.2,50617.3,6722,0.9936,2023.6,0,2026-09-27
1904,Skinnskatteberg,65,168.384,122223.0,12822.4,2113,0.9985,2023.5,0,2026-09-27
1907,Surahammar,100,170.101,231228.6,15191.5,7077,0.9999,2022.0,0,2026-09-27
1960,Kungsör,101,116.81,391294.7,49200.7,7926,0.9036,2022.2,0,2026-09-27
1961,Hallstahammar,105,121.656,429985.3,43809.0,10634,0.8261,2022.4,0,2026-09-27
1962,Norberg,74,173.795,183569.9,16538.0,6102,0.9999,2022.4,0,2026-09-27
1980,Västerås,664,585.113,1989457.5,154795.7,32465,0.7651,2022.1,0,2026-09-27
1981,Sala,310,528.074,654732.4,64031.0,10824,0.9041,2022.5,0,2026-09-27
1982,Fagersta,103,118.578,216917.1,16423.5,11995,0.9864,2022.2,0,2026-09-27
1983,Köping,188,278.712,501192.5,50732.0,9531,0.8598,2022.6,0,2026-09-27
1984,Arboga,204,201.503,489681.3,68309.8,9570,0.8966,2021.6,0,2026-09-27
2021,Vansbro,134,307.872,302882.2,23980.3,6700,0.9842,2021.4,0,2026-09-27
2023,Malung-Sälen,187,532.867,500756.5,34944.0,5942,0.9979,2022.0,0,2026-09-27
2026,Gagnef,129,154.159,275265.4,20815.0,10254,0.9951,2021.7,0,2026-09-27
2029,Leksand,146,299.018,330655.3,21343.1,9193,0.9871,2020.9,0,2026-09-27
2031,Rättvik,142,267.744,348407.1,26132.3,9349,0.986,2023.2,0,2026-09-27
2034,Orsa,119,245.558,187952.2,15639.0,7140,0.9924,2022.3,0,2026-09-27
2039,Älvdalen,143,690.913,361607.6,28836.8,5954,1.0,2022.2,0,2026-09-27
2061,Smedjebacken,92,260.872,286467.6,22150.4,6611,0.999,2021.2,0,2026-09-27
2062,Mora,169,383.708,540806.8,48292.4,18094,0.8423,2021.9,0,2026-09-27
2080,Falun,435,570.348,1006763.0,68774.0,15568,0.9423,2022.0,0,2026-09-27
2081,Borlänge,381,262.589,838773.3,59911.0,14643,0.8066,2022.6,0,2026-09-27
2082,Säter,175,255.107,297132.9,18832.3,5550,0.9267,2022.2,0,2026-09-27
2083,Hedemora,152,345.439,435028.6,32723.7,8556,0.9722,2022.1,0,2026-09-27
2084,Avesta,253,286.756,354305.6,34242.3,12538,0.9473,2021.8,0,2026-09-27
2085,Ludvika,209,352.189,447253.2,39476.9,15845,0.9385,2022.9,0,2026-09-27
2101,Ockelbo,50,172.557,128521.8,9466.1,4556,1.0,2022.8,0,2026-09-27
2104,Hofors,46,90.049,181778.2,18866.1,6310,0.9726,2022.6,0,2026-09-27
2121,Ovanåker,124,308.094,250311.5,24192.3,5294,0.9561,2022.8,0,2026-09-27
2132,Nordanstig,125,303.19,425538.8,53639.1,9010,0.9998,2022.7,0,2026-09-27
2161,Ljusdal,235,733.205,553906.7,46198.2,8992,0.9856,2022.1,0,2026-09-27
2180,Gävle,423,497.312,1801562.7,200921.8,20607,0.8225,2022.5,0,2026-09-27
2181,Sandviken,180,314.754,603302.6,39883.1,9924,0.8382,2022.8,0,2026-09-27
2182,Söderhamn,335,409.679,812338.8,95536.0,11618,0.8972,2022.5,0,2026-09-27
2183,Bollnäs,190,438.239,561143.5,41471.3,16070,0.9954,2021.7,0,2026-09-27
2184,Hudiksvall,401,632.388,1057390.9,120524.9,9285,0.8506,2022.6,0,2026-09-27
2260,Ånge,229,547.139,329932.6,30416.3,3973,0.9993,2022.3,0,2026-09-27
2262,Timrå,216,257.589,419441.3,41777.5,10657,0.8856,2022.5,0,2026-09-27
2280,Härnösand,312,407.148,538632.7,64706.0,11317,0.9704,2022.2,0,2026-09-27
2281,Sundsvall,621,943.716,1598921.2,128072.2,14987,0.802,2021.9,0,2026-09-27
2282,Kramfors,479,762.21,607833.4,77135.2,5539,0.9833,2022.3,0,2026-09-27
2283,Sollefteå,302,1048.751,511152.3,52450.2,6446,0.9798,2023.3,0,2026-09-27
2284,Örnsköldsvik,602,1417.171,1083038.2,128192.2,15372,0.9805,2021.5,0,2026-09-27
2303,Ragunda,133,456.976,205460.3,22859.1,2308,0.9666,2022.8,0,2026-09-27
2305,Bräcke,150,615.727,211854.4,26018.5,3611,0.9997,2021.5,0,2026-09-27
2309,Krokom,264,783.415,468590.0,36984.1,6226,0.9849,2022.0,0,2026-09-27
2313,Strömsund,268,1477.277,411555.4,41728.6,6317,0.973,2023.4,0,2026-09-27
2321,Åre,203,620.404,492814.7,35797.4,5134,0.9996,2022.0,0,2026-09-27
2326,Berg,261,636.197,363801.9,30317.4,3164,0.9999,2022.3,0,2026-09-27
2361,Härjedalen,171,843.884,582141.7,52910.2,4265,0.9622,2021.4,0,2026-09-27
2380,Östersund,319,633.54,710574.7,57684.9,10910,0.9564,2020.6,0,2026-09-27
2401,Nordmaling,197,386.341,246974.4,35618.6,6255,0.9142,2021.9,1,2026-09-27
2403,Bjurholm,41,246.878,83484.5,10189.0,2246,1.0,2023.1,0,2026-09-27
2404,Vindeln,132,527.373,175905.6,18547.8,3363,0.9998,2021.6,0,2026-09-27
2409,Robertsfors,234,427.989,286342.4,42172.0,4496,0.9878,2022.2,0,2026-09-27
2417,Norsjö,81,402.838,119918.5,16712.4,1759,1.0,2022.2,0,2026-09-27
2418,Malå,45,305.414,70121.9,10524.6,1527,1.0,2021.5,0,2026-09-27
2421,Storuman,138,837.55,296871.7,26700.5,3118,0.9424,2022.0,0,2026-09-27
2422,Sorsele,72,519.446,101671.4,10932.3,1500,0.9999,2022.0,0,2026-09-27
2425,Dorotea,41,346.861,85644.4,9202.3,1791,1.0,2019.7,0,2026-09-27
2460,Vännäs,88,241.8,162065.1,12891.6,6490,0.9993,2021.2,0,2026-09-27
2462,Vilhelmina,122,868.759,229077.4,25855.6,6136,1.0,2021.6,0,2026-09-27
2463,Åsele,118,613.293,154639.4,24675.4,2720,0.9989,2022.1,0,2026-09-27
2480,Umeå,612,874.363,1486193.8,118706.8,18630,0.9083,2023.3,0,2026-09-27
2481,Lycksele,173,967.935,300154.2,29295.4,10984,0.9949,2023.4,0,2026-09-27
2482,Skellefteå,837,1970.966,1516438.2,153905.9,15071,0.9416,2022.4,0,2026-09-27
2505,Arvidsjaur,157,854.914,241272.3,28537.9,6218,0.9988,2022.8,0,2026-09-27
2506,Arjeplog,84,669.582,152156.4,13808.5,2909,1.0,2022.8,0,2026-09-27
2510,Jokkmokk,106,698.265,179881.5,18630.4,4773,0.9987,2021.8,0,2026-09-27
2513,Överkalix,90,417.078,210321.4,31735.2,2844,0.9985,2022.0,0,2026-09-27
2514,Kalix,335,578.828,468400.5,52442.7,9922,0.9788,2021.9,0,2026-09-27
2518,Övertorneå,111,452.849,130750.8,11101.6,1698,1.0,2022.3,0,2026-09-27
2521,Pajala,156,861.828,250474.7,40526.3,1902,0.9885,2023.3,0,2026-09-27
2523,Gällivare,212,871.047,436117.4,44459.2,7006,0.9905,2021.6,0,2026-09-27
2560,Älvsbyn,97,376.124,209097.0,19737.2,4184,0.9961,2022.9,0,2026-09-27
2580,Luleå,468,693.449,1156349.0,91890.4,13309,0.9123,2022.6,0,2026-09-27
2581,Piteå,513,808.703,808618.6,81956.0,12792,0.9349,2022.5,0,2026-09-27
2582,Boden,247,756.05,406682.9,24460.7,8675,0.9618,2022.8,0,2026-09-27
2583,Haparanda,137,253.591,155264.3,13339.8,4485,0.979,2022.7,0,2026-09-27
2584,Kiruna,157,456.302,392310.0,54476.9,6285,0.9922,2021.8,0,2026-09-27
